case,M,N,K,output_mode,relu,quant_shift,memory_profile,case_class,total_cycles,mac_cycles,compute_cycles,dma_cycles,stall_cycles,mac_utilization_pct,effective_ops_per_cycle
signed_min_1x1_int32,1,1,1,INT32,disabled,0,zero-wait,directed-benchmark,44,1,9,11,0,6.250,0.045455
basic_2x2_int32,2,2,2,INT32,disabled,0,zero-wait,directed-benchmark,90,2,10,56,0,25.000,0.177778
edge_5x3x7_int32,5,3,7,INT32,disabled,0,zero-wait,directed-benchmark,441,14,32,385,0,46.875,0.476190
edge_3x5x5_quant_shift2,3,5,5,INT8,disabled,2,zero-wait,directed-benchmark,304,10,30,250,0,46.875,0.493421
positive_saturation,4,4,8,INT8,disabled,0,zero-wait,directed-benchmark,312,8,16,272,0,100.000,0.820513
negative_saturation,4,4,8,INT8,disabled,0,zero-wait,directed-benchmark,392,8,16,352,0,100.000,0.653061
edge_7x6x3_quant_relu,7,6,3,INT8,enabled,1,zero-wait,directed-benchmark,575,12,62,489,0,65.625,0.438261
relu_2x3x4_int32,2,3,4,INT32,enabled,0,zero-wait,directed-benchmark,152,4,12,116,0,37.500,0.315789
edge_6x5x7_int32,6,5,7,INT32,disabled,0,zero-wait,directed-benchmark,471,28,66,381,0,46.875,0.891720
backpressured_5x5x5_quant,5,5,5,INT8,disabled,3,stalled-2,directed-benchmark,738,20,64,650,150,39.063,0.338753
backpressured_1x6x5_relu,1,6,5,INT8,enabled,2,stalled-1,directed-benchmark,394,10,30,340,41,18.750,0.152284
stress_00_15x8x3,15,8,3,INT32,disabled,0,stalled-2,constrained-random-stress,1339,24,130,1185,378,93.750,0.537715
stress_01_9x10x7,9,10,7,INT8,disabled,1,zero-wait,constrained-random-stress,1247,63,151,1072,0,62.500,1.010425
stress_02_3x15x1,3,15,1,INT32,enabled,2,zero-wait,constrained-random-stress,489,4,60,405,0,70.313,0.184049
stress_03_10x1x1,10,1,1,INT8,enabled,3,zero-wait,constrained-random-stress,213,3,43,146,0,20.833,0.093897
stress_04_4x4x2,4,4,2,INT32,disabled,7,zero-wait,constrained-random-stress,290,2,10,256,0,100.000,0.220690
stress_05_6x1x8,6,1,8,INT8,disabled,15,zero-wait,constrained-random-stress,255,16,33,198,0,18.750,0.376471
stress_06_5x4x1,5,4,1,INT32,enabled,31,zero-wait,constrained-random-stress,206,2,26,156,0,62.500,0.194175
stress_07_7x9x1,7,9,1,INT8,enabled,0,stalled-1,constrained-random-stress,718,6,94,600,79,65.625,0.175487
stress_08_15x6x3,15,6,3,INT32,disabled,1,zero-wait,constrained-random-stress,1252,24,130,1098,0,70.313,0.431310
stress_09_4x2x3,4,2,3,INT8,disabled,2,zero-wait,constrained-random-stress,233,3,11,198,0,50.000,0.206009
stress_10_4x15x15,4,15,15,INT32,enabled,3,zero-wait,constrained-random-stress,1268,60,89,1155,0,93.750,1.419558
stress_11_14x8x5,14,8,5,INT8,enabled,7,stalled-2,constrained-random-stress,1712,40,132,1556,444,87.500,0.654206
stress_12_8x9x10,8,9,10,INT32,disabled,15,zero-wait,constrained-random-stress,1481,60,103,1354,0,75.000,0.972316
stress_13_14x8x2,14,8,2,INT8,disabled,31,zero-wait,constrained-random-stress,1313,16,129,1160,0,87.500,0.341203
stress_14_10x13x2,10,13,2,INT32,enabled,0,stalled-1,constrained-random-stress,1889,24,197,1668,176,67.708,0.275278
stress_15_4x7x15,4,7,15,INT8,enabled,1,zero-wait,constrained-random-stress,704,30,45,635,0,87.500,1.193182
stress_16_13x4x13,13,4,13,INT32,disabled,2,zero-wait,constrained-random-stress,1301,52,81,1196,0,81.250,1.039201
stress_17_10x10x12,10,10,12,INT8,disabled,3,zero-wait,constrained-random-stress,2096,108,172,1900,0,69.444,1.145038
stress_18_15x9x11,15,9,11,INT32,enabled,7,zero-wait,constrained-random-stress,2905,132,217,2664,0,70.313,1.022375
stress_19_13x3x12,13,3,12,INT8,enabled,15,zero-wait,constrained-random-stress,1796,48,77,1695,0,60.938,0.521158
stress_20_1x6x10,1,6,10,INT32,disabled,31,zero-wait,constrained-random-stress,299,20,35,240,0,18.750,0.401338
stress_21_13x1x2,13,1,2,INT8,disabled,0,stalled-1,constrained-random-stress,316,8,61,231,41,20.313,0.164557
stress_22_4x11x10,4,11,10,INT32,enabled,1,stalled-2,constrained-random-stress,1522,30,52,1446,388,91.667,0.578187
stress_23_5x15x5,5,15,5,INT8,enabled,2,zero-wait,constrained-random-stress,1356,40,132,1200,0,58.594,0.553097
stress_24_12x13x5,12,13,5,INT32,disabled,3,zero-wait,constrained-random-stress,2503,60,200,2279,0,81.250,0.623252
stress_25_10x13x8,10,13,8,INT8,disabled,7,zero-wait,constrained-random-stress,1429,96,203,1202,0,67.708,1.455563
stress_26_5x12x4,5,12,4,INT32,enabled,15,zero-wait,constrained-random-stress,753,24,97,632,0,62.500,0.637450
stress_27_4x10x13,4,10,13,INT8,enabled,31,zero-wait,constrained-random-stress,1275,39,61,1190,0,83.333,0.815686
stress_28_12x6x8,12,6,8,INT32,disabled,0,stalled-1,constrained-random-stress,1781,48,101,1656,216,75.000,0.646828
stress_29_2x11x2,2,11,2,INT8,disabled,1,zero-wait,constrained-random-stress,448,6,44,380,0,45.833,0.196429
stress_30_1x6x1,1,6,1,INT32,enabled,2,zero-wait,constrained-random-stress,101,2,26,51,0,18.750,0.118812
stress_31_14x8x9,14,8,9,INT8,enabled,3,zero-wait,constrained-random-stress,1624,72,136,1464,0,87.500,1.241379
stress_32_14x10x11,14,10,11,INT32,disabled,7,zero-wait,constrained-random-stress,2541,132,217,2300,0,72.917,1.212121
stress_33_8x15x11,8,15,11,INT8,disabled,15,stalled-2,constrained-random-stress,3393,88,145,3224,746,93.750,0.778073
stress_34_14x2x8,14,2,8,INT32,enabled,31,zero-wait,constrained-random-stress,1239,32,67,1148,0,43.750,0.361582
stress_35_5x7x15,5,7,15,INT8,enabled,0,stalled-1,constrained-random-stress,1043,60,89,930,215,54.688,1.006711
stress_36_13x3x5,13,3,5,INT32,disabled,1,zero-wait,constrained-random-stress,642,20,64,554,0,60.938,0.607477
stress_37_11x6x4,11,6,4,INT8,disabled,2,zero-wait,constrained-random-stress,923,24,97,802,0,68.750,0.572048
stress_38_8x7x7,8,7,7,INT32,enabled,3,zero-wait,constrained-random-stress,1168,28,66,1078,0,87.500,0.671233
stress_39_11x10x13,11,10,13,INT8,enabled,7,zero-wait,constrained-random-stress,3106,117,181,2901,0,76.389,0.920798
stress_40_9x8x15,9,8,15,INT32,disabled,15,zero-wait,constrained-random-stress,1282,90,133,1125,0,75.000,1.684867
stress_41_9x13x2,9,13,2,INT8,disabled,31,zero-wait,constrained-random-stress,1099,24,197,878,0,60.938,0.425842
stress_42_8x3x9,8,3,9,INT32,enabled,0,stalled-1,constrained-random-stress,844,18,34,786,123,75.000,0.511848
stress_43_11x14x5,11,14,5,INT8,enabled,1,zero-wait,constrained-random-stress,2206,60,200,1982,0,80.208,0.698096
stress_44_1x8x15,1,8,15,INT32,disabled,2,stalled-2,constrained-random-stress,1372,30,45,1303,286,25.000,0.174927
stress_45_5x14x7,5,14,7,INT8,disabled,3,zero-wait,constrained-random-stress,907,56,134,749,0,54.688,1.080485
stress_46_14x5x14,14,5,14,INT32,enabled,7,zero-wait,constrained-random-stress,1677,112,169,1484,0,54.688,1.168754
stress_47_1x5x4,1,5,4,INT8,enabled,15,zero-wait,constrained-random-stress,208,8,29,155,0,15.625,0.192308
stress_48_9x9x1,9,9,1,INT32,disabled,31,zero-wait,constrained-random-stress,925,9,145,756,0,56.250,0.175135
stress_49_1x5x12,1,5,12,INT8,disabled,0,stalled-1,constrained-random-stress,689,24,39,626,77,15.625,0.174165
stress_50_4x10x4,4,10,4,INT32,enabled,1,zero-wait,constrained-random-stress,438,12,46,368,0,83.333,0.730594
stress_51_1x3x5,1,3,5,INT8,enabled,2,zero-wait,constrained-random-stress,135,5,13,98,0,18.750,0.222222
stress_52_10x7x12,10,7,12,INT32,disabled,3,zero-wait,constrained-random-stress,1649,72,115,1510,0,72.917,1.018799
